{
  "1-5": {
    "n_rogue": 19,
    "n_clean": 24,
    "tp": 0,
    "fp": 0,
    "tn": 24,
    "fn": 19,
    "recall": 0.0,
    "fpr": 0.0,
    "eir": 0.0,
    "avg_detection_position": 0,
    "avg_length": 4.473684210526316
  },
  "6-10": {
    "n_rogue": 196,
    "n_clean": 184,
    "tp": 15,
    "fp": 6,
    "tn": 178,
    "fn": 181,
    "recall": 0.07653061224489796,
    "fpr": 0.03260869565217391,
    "eir": 0.025510204081632654,
    "avg_detection_position": 0.5694444444444445,
    "avg_length": 8.239795918367347
  },
  "11-15": {
    "n_rogue": 239,
    "n_clean": 225,
    "tp": 34,
    "fp": 11,
    "tn": 214,
    "fn": 205,
    "recall": 0.14225941422594143,
    "fpr": 0.04888888888888889,
    "eir": 0.08786610878661087,
    "avg_detection_position": 0.4607999843293961,
    "avg_length": 13.188284518828452
  },
  "16-20": {
    "n_rogue": 185,
    "n_clean": 206,
    "tp": 24,
    "fp": 17,
    "tn": 189,
    "fn": 161,
    "recall": 0.12972972972972974,
    "fpr": 0.0825242718446602,
    "eir": 0.07567567567567568,
    "avg_detection_position": 0.4451082516339869,
    "avg_length": 17.4
  },
  "21-25": {
    "n_rogue": 0,
    "n_clean": 0,
    "tp": 0,
    "fp": 0,
    "tn": 0,
    "fn": 0,
    "recall": 0,
    "fpr": 0,
    "eir": 0,
    "avg_detection_position": 0,
    "avg_length": 0
  },
  "length_stats": {
    "min": 3,
    "max": 20,
    "mean": 12.709702660406887,
    "median": 13.0,
    "std": 4.095237480432036
  }
}