{
  "overall": {
    "tp": 73,
    "fp": 34,
    "tn": 605,
    "fn": 566,
    "recall": 0.11424100156494522,
    "precision": 0.6822429906542056,
    "f1": 0.19571045576407506,
    "fpr": 0.053208137715179966,
    "eir": 0.06259780907668232,
    "avg_gap": -0.726027397260274,
    "n_rogue": 639,
    "n_clean": 639
  },
  "per_category": {
    "DEC": {
      "tp": 1,
      "fp": 2,
      "tn": 100,
      "fn": 101,
      "recall": 0.00980392156862745,
      "precision": 0.3333333333333333,
      "f1": 0.019047619047619046,
      "fpr": 0.0196078431372549,
      "eir": 0.00980392156862745,
      "avg_gap": -1.0,
      "n_rogue": 102,
      "n_clean": 102
    },
    "INV": {
      "tp": 3,
      "fp": 3,
      "tn": 105,
      "fn": 105,
      "recall": 0.027777777777777776,
      "precision": 0.5,
      "f1": 0.05263157894736842,
      "fpr": 0.027777777777777776,
      "eir": 0.027777777777777776,
      "avg_gap": -0.6666666666666666,
      "n_rogue": 108,
      "n_clean": 108
    },
    "RES": {
      "tp": 18,
      "fp": 3,
      "tn": 99,
      "fn": 84,
      "recall": 0.17647058823529413,
      "precision": 0.8571428571428571,
      "f1": 0.29268292682926833,
      "fpr": 0.029411764705882353,
      "eir": 0.09803921568627451,
      "avg_gap": -0.5555555555555556,
      "n_rogue": 102,
      "n_clean": 102
    },
    "SEC": {
      "tp": 32,
      "fp": 14,
      "tn": 88,
      "fn": 70,
      "recall": 0.3137254901960784,
      "precision": 0.6956521739130435,
      "f1": 0.43243243243243246,
      "fpr": 0.13725490196078433,
      "eir": 0.22549019607843138,
      "avg_gap": -1.65625,
      "n_rogue": 102,
      "n_clean": 102
    },
    "TST": {
      "tp": 15,
      "fp": 8,
      "tn": 103,
      "fn": 96,
      "recall": 0.13513513513513514,
      "precision": 0.6521739130434783,
      "f1": 0.2238805970149254,
      "fpr": 0.07207207207207207,
      "eir": 0.02702702702702703,
      "avg_gap": 0.4666666666666667,
      "n_rogue": 111,
      "n_clean": 111
    },
    "UFO": {
      "tp": 4,
      "fp": 4,
      "tn": 110,
      "fn": 110,
      "recall": 0.03508771929824561,
      "precision": 0.5,
      "f1": 0.06557377049180328,
      "fpr": 0.03508771929824561,
      "eir": 0.0,
      "avg_gap": 1.5,
      "n_rogue": 114,
      "n_clean": 114
    }
  },
  "variance": {
    "recall_mean": 0.11633343870185976,
    "recall_std": 0.11723916799399711,
    "fpr_mean": 0.05353534649200284,
    "fpr_std": 0.04492073939807119,
    "f1_mean": 0.1810414874605695,
    "f1_std": 0.16343825695063643
  }
}