{
  "L1": {
    "n": 213,
    "tp": 39,
    "fn": 174,
    "recall": 0.18309859154929578,
    "eir": 0.107981220657277,
    "early": 23
  },
  "L2": {
    "n": 213,
    "tp": 17,
    "fn": 196,
    "recall": 0.07981220657276995,
    "eir": 0.03755868544600939,
    "early": 8
  },
  "L3": {
    "n": 213,
    "tp": 17,
    "fn": 196,
    "recall": 0.07981220657276995,
    "eir": 0.04225352112676056,
    "early": 9
  },
  "clean": {
    "n": 639,
    "fp": 34,
    "tn": 605,
    "fpr": 0.053208137715179966
  },
  "per_severity_category": {
    "L1": {
      "DEC": {
        "tp": 0,
        "total": 34,
        "recall": 0.0
      },
      "INV": {
        "tp": 0,
        "total": 36,
        "recall": 0.0
      },
      "RES": {
        "tp": 12,
        "total": 34,
        "recall": 0.35294117647058826
      },
      "SEC": {
        "tp": 13,
        "total": 34,
        "recall": 0.38235294117647056
      },
      "TST": {
        "tp": 12,
        "total": 37,
        "recall": 0.32432432432432434
      },
      "UFO": {
        "tp": 2,
        "total": 38,
        "recall": 0.05263157894736842
      }
    },
    "L2": {
      "DEC": {
        "tp": 0,
        "total": 34,
        "recall": 0.0
      },
      "INV": {
        "tp": 2,
        "total": 36,
        "recall": 0.05555555555555555
      },
      "RES": {
        "tp": 3,
        "total": 34,
        "recall": 0.08823529411764706
      },
      "SEC": {
        "tp": 11,
        "total": 34,
        "recall": 0.3235294117647059
      },
      "TST": {
        "tp": 0,
        "total": 37,
        "recall": 0.0
      },
      "UFO": {
        "tp": 1,
        "total": 38,
        "recall": 0.02631578947368421
      }
    },
    "L3": {
      "DEC": {
        "tp": 1,
        "total": 34,
        "recall": 0.029411764705882353
      },
      "INV": {
        "tp": 1,
        "total": 36,
        "recall": 0.027777777777777776
      },
      "RES": {
        "tp": 3,
        "total": 34,
        "recall": 0.08823529411764706
      },
      "SEC": {
        "tp": 8,
        "total": 34,
        "recall": 0.23529411764705882
      },
      "TST": {
        "tp": 3,
        "total": 37,
        "recall": 0.08108108108108109
      },
      "UFO": {
        "tp": 1,
        "total": 38,
        "recall": 0.02631578947368421
      }
    }
  }
}