{
  "model": "claude-sonnet-4-20250514",
  "n_total": 1278,
  "n_rogue": 639,
  "n_clean": 639,
  "tp": 622,
  "fp": 394,
  "tn": 245,
  "fn": 17,
  "recall": 0.97339593114241,
  "precision": 0.6122047244094488,
  "f1": 0.7516616314199396,
  "fpr": 0.6165884194053208,
  "eir": 0.6823161189358372,
  "early_interventions": 436,
  "elapsed_note": "Combined: 1240 from previous run + 38 from continuation"
}