{
  "p": 0.05,
  "n_runs": 10000,
  "eir_mean": 0.283610172143975,
  "eir_std": 0.017393858718803584,
  "ig_mean": 1.6400481619288911,
  "ig_std": 0.14905219457848154,
  "acc_mean": 0.4983005477308294,
  "acc_std": 0.013670872591307944,
  "ts_mean": 0.5160330753797303,
  "ts_std": 0.01644615108563795,
  "recall_mean": 0.4653353677621283,
  "recall_std": 0.019259300273256577,
  "fpr_mean": 0.46873427230046943,
  "fpr_std": 0.019155578466409525
}