{
  "detector": "HybridGuard",
  "paired": {
    "n_rogue": 639,
    "n_clean": 639,
    "tp": 190,
    "fn": 449,
    "fp": 49,
    "tn": 590,
    "recall": 0.297339593114241,
    "precision": 0.7949790794979079,
    "f1": 0.4328018223234624,
    "p_fpr": 0.07668231611893583,
    "eir": 0.15805946791862285,
    "mean_gap": 2.236842105263158,
    "mean_saved": 0.2854868161322863
  },
  "benign": {
    "total": 6657,
    "fp": 104,
    "fpr": 0.01562265284662761
  }
}