{
  "detector": "LLMJudge",
  "split": "benign",
  "total": 6657,
  "fp": 1582,
  "tn": 5075,
  "fpr": 0.23764458464773922,
  "ci_95_low": 0.2275728155871656,
  "ci_95_high": 0.24801897749796045
}